{
  "project_info": {
    "project_number": "326431519702",
    "project_id": "minesweeper-3dd44",
    "storage_bucket": "minesweeper-3dd44.appspot.com"
  },
  "client": [
    {
      "client_info": {
        "mobilesdk_app_id": "1:326431519702:android:5be52dac153af38ae5ea77",
        "android_client_info": {
          "package_name": "com.example.minesweeper"
        }
      },
      "oauth_client": [
        {
          "client_id": "326431519702-pvr2gaq4b15ca0arsadhbft0csul4lnf.apps.googleusercontent.com",
          "client_type": 3
        }
      ],
      "api_key": [
        {
          "current_key": "AIzaSyAZNHzRG6XawRqVRrdRi_7mgGzaDq8Cq7M"
        }
      ],
      "services": {
        "appinvite_service": {
          "other_platform_oauth_client": [
            {
              "client_id": "326431519702-pvr2gaq4b15ca0arsadhbft0csul4lnf.apps.googleusercontent.com",
              "client_type": 3
            }
          ]
        }
      }
    }
  ],
  "configuration_version": "1"
}